{
  "timestamp": "2025-12-09T18:37:27.379852",
  "baseline_scores": {
    "faithfulness": 0.5369230769230768,
    "adaptability": 0.7644347319347319,
    "interpretability": 0.4093696761133604,
    "safety": 0.6130769230769231
  },
  "evaluation_details": {
    "total_queries": 13,
    "evaluation_time": 153.51060152053833,
    "score_distributions": {
      "faithfulness": [
        0.5299999999999999,
        0.52,
        0.5299999999999999,
        0.6,
        0.51,
        0.5700000000000001,
        0.52,
        0.49000000000000005,
        0.52,
        0.5900000000000001,
        0.5,
        0.6,
        0.5
      ],
      "adaptability": [
        0.8200000000000001,
        0.7850000000000001,
        0.8050000000000002,
        0.8050000000000002,
        0.7793181818181819,
        0.7600000000000001,
        0.685,
        0.685,
        0.7820833333333335,
        0.8050000000000002,
        0.8112500000000001,
        0.6662500000000001,
        0.7487500000000001
      ],
      "interpretability": [
        0.38724210526315783,
        0.35789473684210527,
        0.4268210526315789,
        0.33903157894736846,
        0.3169263157894737,
        0.47400000000000003,
        0.382,
        0.43505,
        0.44000000000000006,
        0.398,
        0.45608000000000004,
        0.5251600000000001,
        0.3836000000000001
      ],
      "safety": [
        0.6659999999999999,
        0.582,
        0.582,
        0.69,
        0.486,
        0.5920000000000001,
        0.5920000000000001,
        0.5920000000000001,
        0.5920000000000001,
        0.5920000000000001,
        0.646,
        0.646,
        0.712
      ]
    }
  }
}