{
  "timestamp": "2025-11-30T22:30:18.293372",
  "baseline_scores": {
    "faithfulness": 0.5453846153846154,
    "adaptability": 0.7613143106893108,
    "interpretability": 0.40820408906882594,
    "safety": 0.5869230769230769
  },
  "evaluation_details": {
    "total_queries": 13,
    "evaluation_time": 225.4981677532196,
    "score_distributions": {
      "faithfulness": [
        0.5499999999999999,
        0.58,
        0.58,
        0.6,
        0.54,
        0.52,
        0.5700000000000001,
        0.47000000000000003,
        0.52,
        0.56,
        0.5,
        0.6,
        0.5
      ],
      "adaptability": [
        0.8200000000000001,
        0.7850000000000001,
        0.8250000000000002,
        0.7925000000000001,
        0.8300000000000001,
        0.7600000000000001,
        0.685,
        0.669375,
        0.7746428571428573,
        0.7793181818181819,
        0.8112500000000001,
        0.6662500000000001,
        0.6987500000000001
      ],
      "interpretability": [
        0.4104,
        0.3798736842105263,
        0.3819789473684211,
        0.34366315789473684,
        0.28934736842105263,
        0.37855000000000005,
        0.463,
        0.3988,
        0.4688000000000001,
        0.373,
        0.45608000000000004,
        0.5190800000000001,
        0.4440800000000001
      ],
      "safety": [
        0.6659999999999999,
        0.402,
        0.582,
        0.6659999999999999,
        0.486,
        0.5920000000000001,
        0.5920000000000001,
        0.5920000000000001,
        0.5920000000000001,
        0.606,
        0.562,
        0.646,
        0.646
      ]
    }
  }
}