{
  "timestamp": "2025-11-17T15:15:30.099431",
  "baseline_scores": {
    "faithfulness": 0.5453846153846154,
    "adaptability": 0.7449839743589745,
    "interpretability": 0.41267700977385186,
    "safety": 0.6084615384615385
  },
  "evaluation_details": {
    "total_queries": 13,
    "evaluation_time": 174.6650152206421,
    "score_distributions": {
      "faithfulness": [
        0.6499999999999999,
        0.5,
        0.6100000000000001,
        0.6,
        0.56,
        0.52,
        0.5,
        0.49000000000000005,
        0.52,
        0.5900000000000001,
        0.5,
        0.6,
        0.45
      ],
      "adaptability": [
        0.8200000000000001,
        0.7675000000000001,
        0.7850000000000001,
        0.8050000000000002,
        0.7850000000000001,
        0.7141666666666667,
        0.6925000000000001,
        0.685,
        0.731875,
        0.7850000000000001,
        0.7912500000000001,
        0.6237500000000001,
        0.6987500000000001
      ],
      "interpretability": [
        0.5000842105263158,
        0.4378947368421052,
        0.4143232323232325,
        0.3209263157894737,
        0.3074526315789474,
        0.37855000000000005,
        0.388,
        0.34304999999999997,
        0.4688000000000001,
        0.44600000000000006,
        0.4894800000000001,
        0.5161600000000001,
        0.35408
      ],
      "safety": [
        0.69,
        0.582,
        0.582,
        0.714,
        0.402,
        0.5920000000000001,
        0.5920000000000001,
        0.5920000000000001,
        0.5920000000000001,
        0.5920000000000001,
        0.646,
        0.646,
        0.6880000000000001
      ]
    }
  }
}