{
  "timestamp": "2025-12-04T14:06:21.699435",
  "baseline_scores": {
    "faithfulness": 0.5353846153846153,
    "adaptability": 0.7528685897435897,
    "interpretability": 0.416984175356807,
    "safety": 0.5927692307692308
  },
  "evaluation_details": {
    "total_queries": 13,
    "evaluation_time": 406.25171852111816,
    "score_distributions": {
      "faithfulness": [
        0.6,
        0.52,
        0.6100000000000001,
        0.5499999999999999,
        0.56,
        0.54,
        0.5,
        0.49000000000000005,
        0.5,
        0.54,
        0.5,
        0.6,
        0.45
      ],
      "adaptability": [
        0.8200000000000001,
        0.7600000000000001,
        0.7850000000000001,
        0.8050000000000002,
        0.7850000000000001,
        0.7925000000000001,
        0.6893750000000001,
        0.6975000000000001,
        0.7141666666666667,
        0.7850000000000001,
        0.8312500000000002,
        0.6237500000000001,
        0.6987500000000001
      ],
      "interpretability": [
        0.42618947368421056,
        0.4484210526315789,
        0.38058585858585864,
        0.3636631578947368,
        0.3162947368421053,
        0.38405,
        0.382,
        0.40135,
        0.51705,
        0.42335,
        0.4590800000000001,
        0.5350800000000001,
        0.3836800000000001
      ],
      "safety": [
        0.6659999999999999,
        0.582,
        0.582,
        0.69,
        0.486,
        0.5920000000000001,
        0.5920000000000001,
        0.5920000000000001,
        0.508,
        0.424,
        0.646,
        0.646,
        0.7
      ]
    }
  }
}