{
  "timestamp": "2025-12-13T04:48:42.988082",
  "baseline_scores": {
    "faithfulness": 0.54,
    "adaptability": 0.729675925925926,
    "interpretability": 0.4142005121389333,
    "safety": 0.6033333333333334
  },
  "evaluation_details": {
    "total_queries": 9,
    "evaluation_time": 175.4923174381256,
    "score_distributions": {
      "faithfulness": [
        0.6,
        0.56,
        0.6100000000000001,
        0.52,
        0.5,
        0.52,
        0.5,
        0.6,
        0.45
      ],
      "adaptability": [
        0.8050000000000002,
        0.7850000000000001,
        0.8050000000000002,
        0.7141666666666667,
        0.6925000000000001,
        0.6516666666666667,
        0.7912500000000001,
        0.6237500000000001,
        0.6987500000000001
      ],
      "interpretability": [
        0.4092727272727273,
        0.37103157894736843,
        0.41503030303030314,
        0.39230000000000004,
        0.382,
        0.41985000000000006,
        0.45308000000000004,
        0.5191600000000001,
        0.36608
      ],
      "safety": [
        0.582,
        0.582,
        0.582,
        0.5920000000000001,
        0.5920000000000001,
        0.508,
        0.646,
        0.646,
        0.7
      ]
    }
  }
}