{
  "timestamp": "2025-12-11T02:24:16.051182",
  "baseline_scores": {
    "faithfulness": 0.4677777777777778,
    "adaptability": 0.7041666666666667,
    "interpretability": 0.31469315904139433,
    "safety": 0.5973333333333334
  },
  "evaluation_details": {
    "total_queries": 9,
    "evaluation_time": 513.325733423233,
    "score_distributions": {
      "faithfulness": [
        0.4,
        0.54,
        0.4,
        0.5700000000000001,
        0.5,
        0.4,
        0.5,
        0.5,
        0.4
      ],
      "adaptability": [
        0.6987500000000001,
        0.7850000000000001,
        0.6987500000000001,
        0.7800000000000001,
        0.7050000000000001,
        0.6362500000000001,
        0.8112500000000001,
        0.6237500000000001,
        0.5987500000000001
      ],
      "interpretability": [
        0.16500000000000004,
        0.432,
        0.16500000000000004,
        0.43600000000000005,
        0.368,
        0.19607843137254902,
        0.44408000000000003,
        0.4290800000000001,
        0.197
      ],
      "safety": [
        0.582,
        0.582,
        0.582,
        0.5920000000000001,
        0.5920000000000001,
        0.5920000000000001,
        0.562,
        0.646,
        0.646
      ]
    }
  }
}